NAME,ADDRESS,ZIP
77 Maple,"1400 Alleghany Road, Attica, NY 14011, USA",14011
A&A Maple,"1084 Creek Road, Attica, NY 14011, USA",14011
Adams Sugar House,"35 Cross Rd, Shushan, NY 12873, USA",12873
AfterMath Tap Shack,"2895 Morgan Hollow Road, Allegany, NY 14706, USA",14706
Andre Family Homestead,"9992 High Falls Road, Croghan, NY, USA",13327
"Arnot Maple Lab, Cornell University","611 County Route 13, Van Etten, NY, 14889, USA",14889
Baker Farms,"18 West Main Street, Smyrna, NY, USA",13464
Ballard Maple,"29 Bundy Hill Road, Holmes, NY, 12531, USA",12531
Battle Acres Sugar House,"499 Cottrell Road, Hoosick Falls, NY, USA",12090
Battlehill Maple,"459 County Road 16, Fort Ann, NY 12827, USA",12827
Beattie’s Tug Hill Maple Syrup,"22390 Overton Road, Lorraine, NY 13659, USA",13659
Beaver Meadow Farm,"297 State Line Road, White Creek, NY, USA",12057
Bechard’s Sugar House,"61 Sanger Lane, West Chazy, NY, USA",12992
Belle Hollow Farms,"10312 County Road 15B, Canaseraga, NY, USA",14822
Ben & Judy’s Sugarhouse,"770 Beaver Creek Road, West Edmeston, NY 13485, USA",13485
Bender Hill Maple,"5660 Gulf Rd, Chittenango, NY, 13037, USA",13037
Benz’s Sugar Shanty LLC,"12939 Van Slyke Road, East Concord, NY 14055, USA",14055
Big Tree Maple,"2040 Holly Lane, Lakewood, NY 14750, USA",14750
Birdseye Hollow Farm & Distillery,"8398 County Road 96, Hammondsport, NY, USA",13646
Bittersweet Maple Farm,"44 Schanz Lane, Berne, NY, 12023, USA",12023
BK3 Farm,"421 Mutton Hill Rd, Neversink, NY 12765, USA",12765
Black Rooster Maple,"10819 NYS Route 9N, Keene, New York, 12942",12942
Blesy’s Maple,"7129 Henrietta Road, Springville, NY 14141, USA",14141
Blue Heron Farm,"68 Streeter Rd, De Kalb Junction, NY, USA",13630
Bob’s Sugar Shack,"10510 Ballard Road, Fillmore, NY 14735, USA",14725
Boxler Maple,"2369 U.S. 20A, Varysburg, NY, USA",14167
Bradt Rd Maple,"12181 Bradt Road, Cato, NY, USA",13033
Brady’s Maple Syrup,"11365 Sharp Road, East Concord, NY 14055, USA",14055
Brandy Brook Maple Farm & Olde Tyme Winery,"439 Brandy Brook Road, Ellenburg Center, NY, USA",12935
Brawdy Family Maple Farms,"102 County Route 26, West Monroe, NY, USA",13167
Bray Farms,"1597 Bray Road, Arcade, NY, USA",14009
Brick Chapel Maple,"5355 County Road 27, Canton, NY 13617, USA",13617
Brookside Maple & Farm,"2544 County Highway 2, Delancey, NY 13752, USA",13752
Brow’s Sugarhouse,"89 Sugarbush Drive, West Chazy, NY 12992 USA",12992
Brower Road Sugarhouse,"158 Brower Road, Gloversville, NY, 12078 USA",12078
Brown’s Sugar Shack,"5709 County Road 2B, Belmont, NY, USA",14813
Buck Hill Farm,"185 Fuller Road, Jefferson, NY 12093, USA",12093
Bulson Road Natural Sweeteners,"210 Bulson Rd, Troy, NY, USA",12180
Burning Bush Farm,"Oak Hill Road, Barton, NY, USA",13734
Butternut Barn Maple Farm,"4054 New York 245, Rushville, NY 14544, USA",14544
Campbell Maple,"8904 Jackson Hill Road, Friendship, NY 14739, USA",14739
Candy Mountain Maple Farm,"2 Don Potter Rd, Athol, NY, USA",12810
"Cartwright’s Maple Tree Inn, LLC","4321 County Road 15A, Angelica, NY, 14709, USA",14709
Catskill Morning Maple,"412 Acorn Hill Rd, Olivebridge, NY, 12461, USA",12461
Cave country maple boilers,"683 Sagendorf Corners Road, Howes Cave, NY, USA",12092
CCE of St. Lawrence County,"2043B State Highway 68, Canton NY 13617",13617
Cedar Ledge Farm,"10830 State Route 26, Carthage, NY, USA",13619
Champion Peak Maple,"33871 County Road 163, Copenhagen, NY 13626, USA",13626
Charles & Joseph Seewaldt,"4102 Royce Road, Varysburg, NY, 14167, USA",14167
Chazy Lake Maple,"807 Wilfred King Road, Ellenburg Depot, NY 12935, USA",12934
Circle G Farm,"705 County Route 7, Hammond, NY, 13646, USA",13646
City Line Farms,"2548 State Route 3, Fulton, Volney, NY 13069, USA",13069
"CNY Maple, since 2003","1220 Canal Rd, Oneida, NY 13421, our syrup is available at The Eclectic Chic, Glenwood Plaza, Rt 46 Oneida",13421
Cody’s Sugar Shack and Farming,"829 Basil Todd Rd, Fleischmanns, NY 12430, USA",12430
Coles Turnpike Tree Farm,"3143 NY-206, Whitney Point, NY 13862, USA",13862
Collins Maple,"6517 Rock Road, Verona, NY, USA",13478
Cooks Pure Maple Products,"247 County Rd 20, Sherburne, NY, USA",13460
Cooper Hill Maple,"291 Cooper Hill Road, Marathon, NY, USA",13803
"Cooperstown Maple Works, LLC","361 Sibley Gulf Rd, Cooperstown, NY, USA",13326
Coreys Sugar Shack,"105 Hawleys Corners Road, Highland, NY, USA",12528
Cornell University Uihlein Maple Research Forest,"157 Bear Cub Road, Lake Placid, NY, USA",12946
Countryside Hardware,"1712 Albany Street, DeRuyter, NY 13052, USA",13052
Creekside Meadows Farm,"2242 Reservoir Road, New Woodstock, NY, USA",13122
"Critz Farms, Inc.","3232 Rippleton Road, Cazenovia, NY, USA",13035
Crosstown Maple,"533 Blodgett Hill Road, Ravena, NY, USA",12143
"Crown Maple, LLC","47 McCourt Road, Dover Plains, NY, 12522, USA",12522
CTK Farms LLC,"6117 New Mexico Rd, Cuba, NY, 14727 USA",14727
Cummings Maple Farm LLC,"2814 Harris Road, Palmyra, NY 14522, USA",14522
Dar-View Maple,"2813 Fall Clove Road, Delancey, NY, USA",13752
Darrell Seymour Maple,"14316 Diana Drive, Harrisville, NY 13648, USA",13648
DeGolier’s Maple Products,"10826 Quarry Road, Forestville, NY, USA",14062
Donohue Pond Farm,"Hyde Park, NY, USA",12538
Doug Thompson Maple,"2077 County Road 11, Gouverneur, NY, 13642 USA",13642
Dry Brook Sugar House,"432 Chambers Road, Salem, NY, USA",12865
Dutch Hill Maple,"1275 Woodmancy Rd, Tully, NY, 13159, USA",13159
Dutchess County Parks,"85 Sheafe Road, Wappingers Falls, NY 12590, USA",12590
DWC Maple,"7569 Town Line Rd, Victor, NY, USA",14564
Echo Valley Sugarbush,"8880 Sunderville Rd, Lyons, NY, USA",14489
Edmunds Maple,"10833 Marble Springs Road, Delevan, NY 14042, USA",14042
Embers Rising Farm,"927 LaRue Road, Clifton Springs, NY, 14432, USA",14432
Ensign Maple,"4007 State Route 221, Marathon, NY, USA",13803
Erie County Bureau Of Forestry,"11200 Genesee Road, East Concord, NY, USA",14055
Ernjoy Farm,"646 Pinner Road, Cherry Creek, NY 14723, USA",14723
Evan Zehr maple,"5574 Highland Ave, Lowville, NY 13367, USA",13367
Fairbanks Maple,"1968 Shaw Rd, Forestville, NY 14062, USA",14062
Ferncliff Sugarbush,"433 Warren Road, Mohawk, NY, USA",13407
Fieldridge Farms,"801 County Road 116, Johnstown, NY, USA",12095
Finding Home Farms,"140 Eatontown Road, Middletown, NY 10940, USA",10940
Finen Maple Products LLC.,"28 South Main Street, Norwood, NY, USA",13668
Finger Lakes Maple,"7 Knoll Tree Road, Ithaca, NY, 14850, USA",14850
Firefly Fields Farm,"369 Starr Road, Ravena, NY 12143, USA",12143
Flackwell Farms LLC,"4719 State Highway 68, Ogdensburg, NY, 13669 USA",13669
Flint’s Maple,"3476 Hermitage Road, Warsaw, NY 14569, USA",14569
Flower City Maple,"64 Nettlecreek Rd, Fairport, NY, USA",14450
Foggy Hollow Maple Farm,"137 Stage Road, South Otselic, NY, USA",13155
Fransylvania maple,"690 Minkel Road, Strykersville, NY, USA",14145
Frasiers Sugar Shack,"144 Church Street, Saint Johnsville, NY 13452, USA",13452
Fresh Air Fund Maple Farm,"436 Van Wyck Lake Road, Fishkill, NY, 12524, USA",12524
"G. Thompson Family Farm, LLC","461 Fearl Bridge Road, Winthrop, NY, USA",13697
Gabel’s Maple Syrup,"5095 Kaiser Rd. Lawtons, NY, 14091 USA",14091
Genegantslet Maple Products,"Smithville Flats, NY 13841  USA",13841
George’s Maple Products,"1766 Route 77, Strykersville, NY 14145, USA",14145
Giffin Road Maple,"6166 US Highway 11, Canton, NY, 13617, USA",13617
Gillette’s Maple Products & farm,"747 County Road 23, Sherburne, NY 13460, USA",13460
Grassbrook Farms,"7220 Co Rd 20, Bainbridge, NY 13733, USA",13733
Greene Back Maple,"173 Miles Rd, Greene, NY 13778, USA",13778
GROTTOLI’S MAPLE,"91 Ritchie Road, Middle Granville, NY, USA",12849
Grouse Hill Maple Farm,"2530 Upper Foots Hill Road, Montour Falls, NY, USA",14865
Gustafson’s Maple Country USA,"2507 Quaint Road, Falconer, NY, USA",14733
Hager Maple,"8298 Oak Hill Road, Arkport, NY 14807, USA",14807
Heartwood Farm,"9248 Dow Road, Freedom, NY, 14065, USA",14065
Heaven Hill Farm,"302 Bear Cub Lane, Lake Placid, NY, 12946, USA",12946
Helderberg 1839 Maple & Vine,"214 Becker Road, Berne, NY 12023, USA",12023
Hemlock Ridge Farm,"8690 Hemlock Road, Avoca, NY, USA",14809
Hidden Acres Maple,"380 Lumber Road, Deposit, NY, USA",13754
Hidden Hollow Maple Farm,"312 Dippikill Road, Warrensburg, NY, USA",12885
Highbank Maple,"390 Drew Lane, Chateaugay, NY, USA",12917
Hill Top Farm,"7256 New York 22, West Chazy, NY 12992, USA",12992
Hill Top Maple Farm,"433 Parrott Rd, Cayuta, NY, USA",14824
Hint’s Red Roof Maple,"3545 State Route 275, Friendship, NY 14739, USA",14739
Hoffman Mountain Farmstead,"1481 Hoffman Rd, Olmstedville, NY, USA",12957
Hop City Maple,"340 Hop City Road, Ballston Spa, NY, USA",12020
Hopcia Maple,"2536 Humphrey Road, Varysburg, NY, USA",14167
Hoyt’s Honey & Maple Farm,"741 County Highway 10, Laurens, NY, USA",13796
Humphrey Nature Center at Letchworth State Park,"6787 Denton Corners Road, Castile, NY 14427, USA",14427
Hurlbut’s Maple Products,"3003 County Road 21, Canton, NY 13617, USA",14617
International Maple Museum Centre,"9756 State Route 812, Croghan, NY, USA",13327
Ioka Valley Farm,"3475 Hancock Road, Hancock, MA 01237, USA",1237
J&J Maple,"3214 Route 98, Varysburg, NY, 14167, USA",14167
Jake’s Greenhouse Inc.,"11904 Route 240, East Concord, NY, 14055, USA",14055
JEM Maple Farm LLC,"106 Indian Trail Road, Chatham, NY 12037, USA",12037
Johnson Estate Winery,"8419 U.S. 20, Westfield, NY 14787, USA",14787
Johnston’s Maple Products,"62 Thomas Rd, North Bangor, NY 12966, USA",12966
"Jourdins Syrup, LLC","1366 River Road, West Coxsackie, NY 12192, USA",12192
Junior’s Maple LLC,"9280 Alexander Road, Batavia, NY, USA",14020
Justus Asthalter Maple Inc.,"865 Aden Road, Parksville, NY, USA",12768
K-D Acres,"7478 State Street, Sodus, NY 14551, USA",14551
Kanarondack Maple,"5050 Rushmore Rd, Palmyra, NY 14522, USA",14522
Kathy’s Sugar Shack,"2865 Dunham Road, Varysburg, NY, USA",14167
Kaufman Farms/Catskill Mountain Maple,"65 Charlie Wood Road, Delancey, NY, 13752 USA",13752
Kehl’s Maple,"1051 Route 20a, Strykersville, NY, USA",14145
Kelce Family Enterprise,"2209 Hornby Rd, Beaver Dams, NY, USA",14812
Kenneth Burger Farm,"3437 Mill Brook Road, Margaretville, NY, USA",12455
Kent’s Sugar House,"Berlin, NY 12022, USA",12022
Kettle Ridge Farm,"515 Log Cabin Road, Victor, NY 14564, USA",14564
Keuka Maple,"3100 E Valley Rd, Branchport, NY, USA",14418
Keyes’ Trout Brook Sugarhouse & Alpacas,"296 Taylor Road, Honeoye Falls, NY 14472, USA",14472
Kibler maple,"1802 Perry Road, North Java, NY 14113, USA",14113
King Maple Farm,"6550 Java Lake Road, Arcade, NY 14009, USA",14009
Kirsch’s Maple Farm,"3175 Route 77, Varysburg, NY 14167, USA",14167
Kist Maple Syrup,"9422 South Hill Road, Boston, NY, 14025, USA",14025
Knapp’ Sapp Shack,"1375 Wilson Point Road, Cape Vincent, NY, USA",13618
Kowalski & Daughters Farm,"13424 Stage Rd, Akron, NY, 14001, USA",14001
Kraeger’s Syrup,"6224 Wynn Road, Constableville, NY, 13325, USA",13325
Kwilos Farms,"1177 Church Road, Angola, NY 14006, USA",14006
Lakeview Maple,"25 McCormick Road, Ogdensburg, NY, USA",13669
Lashway’s Flat Rock Maples,"2875 Miner Farm Road, Altona, NY, USA",12910
Last Chance Ranch,"389 Last Chance Wy, Lake Placid, NY 12946, USA",12946
Lawtons maple,"431 Bridge Street, Newark Valley, NY, USA",14091
Lowe Farm,"287 Anderson Road, Stamford, NY 12167, USA",12167
Lyndaker’s Maple Orchard,"8735 Soft Maple Rd, Croghan, NY, USA",13327
M&D Deragons Maple,"166 Palmer Road, Dickinson Center, NY 12930, USA",12930
Mack Maple Supply,"1139 County Road 35, Potsdam, NY 13676, USA",13676
Many Maples Farm,"697 State Route 26, Georgetown, NY, 13072, USA",13072
Maple Brook Farm,"1723 Jersey Street, Essex, NY, 12936, USA",12936
Maple Cider Farms,"4936 Westman Road, Bemus Point, NY, 14712, USA",14712
Maple Glen Farm,"1288 Scribner Hollow Road, East Jewett, NY 12424, USA",12424
Maple Glen Sugar House LLC.,"2266 Gowanda Zoar Road, Gowanda, NY 14070, USA",14070
Maple Help Stock Farms,"207 Hurlbut Road, Mexico, NY, USA",13114
Maple Hill Syrup Farms LLC,"107 C Crapser Road, Cobleskill, NY, USA",12043
Maple Knoll Farm,"784 14th Road, Minerva, NY, USA",12851
"Maple Leaf Sugaring, LLC","93 Dupier Road, Ghent, NY 12075, USA",12075
Maple Moon Farms LLC,"1058 Attica Gulf Rd, Attica, NY, 14011, USA",14011
Maple Moss Sugarworks,"113 Limekiln Lake Road, Inlet, NY, USA",13360
Maple Mountain Sweets,"7692 Lanpher Street, Lowville, NY, 13367 USA",13367
Maple River Syrup Company,"2480 County Road 21, Canton, NY, USA",13617
Maple Run Emporium,"49 Market Street, Potsdam, NY, USA",13676
Maple Valley Farm,"84 Harris Road, Corinth, NY, USA",12822
Mapleland Farms LLC,"525 Bunker Hill Rd, Salem, NY 12865, USA",12865
Maplewood Farm & Orchard,"596 Miller Avenue,Bovina, NY 13740, USA",13740
Maplewood Sweets LLC,"20322 County Road 63, Watertown, NY 13601, USA",13601
Mark Twain Mapleworks,"624 Lake Street, Saranac Lake, NY 12983, USA",12983
Marsha’s Maple House,"3 Vincent Road, Malone, NY, 12953, USA",12953
Marty’s Maple Products Farm,"52 Bell Lane, West Shokan, NY, USA",12494
Massey Ranch,"20605 Combs Road, Watertown, NY 13601, USA",13601
Maxon Estate Farms,"1408 Maxon Rd, Attica, NY 14011, USA",14011
McKnight’s Maple Mill,"54 Mc Knight Road, Chase Mills, NY, USA",13621
Menard Family Maple LLC,"6811 Townline Rd, North Tonawanda, NY, 14120, USA",14120
Merle Maple LLC,"1884 New York 98, Attica, NY, USA",14011
Meyer Harvest Patch,"611 Route 20a, Strykersville, NY 14145, USA",14145
Mike’s Maple,"1475 West Terry Clove Road, Delancey, NY, USA",13752
Millers Mills Maple,"955 Richfield Hill Road, Richfield Springs, NY 13439, USA",13439
Minerva Maple,"26 Walnut Street, Corinth, NY 12822, USA",12822
Mohawk Valley Trading Company,"901 Broad Street, Utica, NY 13501, USA",13501
Mohler Maple Products,"1627 Rt 19, Wyoming, NY, 14591, USA",14591
Moon Lite Maple Farm,"280 Reber Road North, Willsboro, NY, USA",12996
Moon Valley Maple,"215 Johnson Road, Malone, NY, USA",12953
Moore’s Maple Shack & Pancake House,"10444 Galen Hill Road, Freedom, NY 14065, USA",14065
Moser’s Maple LLC,"9605 Croghan Reservoir Road, Croghan, NY 13327, USA",13327
Mountain Maple Syrup,"6621 New Mexico Road, Cuba, NY, 14727 USA",14727
Mountain Winds Farm,"12 Williamson Road, Berne, NY 12023, USA",12023
Mud Road Sugar House,"278 Mud Road, Ephratah, NY, 12134, USA",12134
Mud St. Maple,"269 Mud Street, Athol, NY, USA",12810
Mudrzynski Homestead,"6982 Norton Rd, Elba, NY 14058, USA",14058
New Beginnings Farmstead LLC,"2585 Rt 209, Kingston, NY, 12401, USA",12401
NewmanZone Maple,"3537 State Highway 68, Rensselaer Falls, NY, USA",13680
Nichols Maple,"414 State Route 243, Farmersville Station, NY, USA",14060
Nightingale’s Maple Farm,"4888 Jersey Hill Road, Amsterdam, NY 12010, USA",12010
Noel Maple Farm,"11178 Jamison Rd, East Aurora, NY, USA",14052
North Country Maple LLC,"211 Sturtevant Rd, Colton, NY, 13625, USA",13625
O’Dell’s TugHill Maple,"8401 Wood Battle Road, Copenhagen, NY, USA",13626
Oak Hill Farm,"227 Elm Lake Road, Speculator, NY 12164, USA",12164
Off Road Maple,"195 Pomeroy Road, Franklin, NY, 13775, USA",13775
Orebed Sugar Shack,"503 Orebed Road, De Kalb Junction, NY, USA",13630
Otter Creek Maple Products,"33109 Rudes Rd, Philadelphia, NY, USA",13673
Over the Hill Maple,"2089 Maxon Road, Varysburg, NY, 14167, USA",14167
Packard Valley Farms,"438 Macedon Center Road, Macedon, NY, USA",14502
Parker Family Maple Farm,"1043 Slosson Road, West Chazy, NY, 12992, USA",12992
Peaceful Valley Maple Farms,"116 LaGrange Road, Johnstown, NY, 12095, USA",12095
Perl’s Maple Products,"1545 Centerline rd, Varysburg, NY, 14167, USA",14167
Pete’s Sweets,"Black River, NY, USA",13612
Pick em Pretty Maple,"100 Stottle Road, Churchville, NY 14428, USA",14428
Pierce’s Sugar Spigot,"11603 State Hwy 812 Croghan, NY 13327",13327
Platte Creek Maple Farm,"808 Glasco Turnpike, Saugerties, NY, USA",12477
Ploetz’s Maple Syrup,"12833 Dowd Road, Springville, NY 14141, USA",14141
Randall’s Heritage Maple Products,"10307 Smithley Road, Alexander, NY, USA",14005
Rathbun’s Maple Sugar House,"1208 Hatch Hill Road, Whitehall, NY, USA",12887
Red Fox Maple,"416 Averyville Road, Lake Placid, NY, USA",12946
Red Shed Sweets,"3835 Shay Road, Naples, NY 14512, USA",14512
Reed’s Maple Products,"1071 Reed Rd, Hamden, NY, USA",13782
Rhinehart Maple Products,"5309 Maple Springs-Ellery Road, Bemus Point, NY, USA",14712
Rickettson Sugar House,"3736 Humphrey Road, North Java, NY, USA",14113
Ridge Maples,"26636 County Road 3, Plessis, NY, USA",13675
Ripple Road Maple Products,"655 Ripple Road, Norwich, NY, USA",13815
Rocky Acres Maple farm,"868 Reynoldston Road, North Bangor, NY, USA",12966
Rolling Hills Farms,"4 Maple Way, Westport, NY 12993, USA",12993
"Roxbury Mountain Maple, LLC","750 Roxbury Mountain Road, Hobart, NY 13788, USA",13788
Running Brook Sugar Shack,"231 Johnson Hill Road, Hoosick Falls, NY 12090, USA",12090
"Sage Family Maple, LLC.","4449 Sage Rd, Warsaw, NY, 14569, USA",14569
Salmon River Maple Products,"2672 State Route 13, Altmar, NY 13302, USA",13302
SapnTap Maple Products,"141 Roscoe Jones Road, Cooperstown, NY, USA",13326
Saratoga Maple,"69 Waterview Drive, Saratoga Springs, NY, USA",12866
Schiek’s Maple Products,"818 Ridge Road, Penn Yan, NY, USA",14527
Schilling’s Maple Syrup,"3200 4 Rod Road, East Aurora, NY 14052, USA",14052
Schmidt’s Scattered Maples,"150 Schmidt Road, Sherburne, NY, USA",13460
Schoff’s Sugar Shack,"1064 Willis Hill Road, Victor, NY 14564, USA",14564
Schoolyard Sugarbush,"1539 West Danby Road, Newfield, NY 14867",14867
Schweitzer Family Maple,"9615 Steiner Rd, Croghan, NY, USA",13327
Scott’s Farm & Greenhouse,"6029 New York 60, Sinclairville, NY 14782, USA",14782
Scott’s Sugar Shack,"116 Cedar Avenue, New Windsor, NY, USA",12553
Shadow Hill Maple Syrup,"7259 Lakeside Road, Ontario, NY 14519, USA",14519
Shamrock Maple,"907 Lake Ozonia Road, Saint Regis Falls, NY 12980, USA",12980
Shaver-Hill Maple,"450 Shaver Road Harpersfield, NY 13786",13786
Shaw’s Maple Products,"7945 Maxwell Road, Clinton, NY 13323, USA",13323
Sherlock’s Sugar Shack,"12326 Trevett Road, Springville, NY, USA",14141
Sherwood’s Maple,"1731 Lamb Road, Newark Valley, NY, USA",14091
Silver Sap Maple,"8720 Mattis Road, Lowville, NY, 13367, USA",13367
Simply Syrup Maple Products,"2079 Frank Nye Road, Andover, NY 14806, USA",14806
Skinner’s Sugarbush,"58 Edwards Road, Wynantskill, NY 12198, USA",12198
Smith’s Maple Farm,"5257 Mayer Road, Hamburg, NY, 14075, USA",14075
Smokey Hollow Maple Syrup,"8597 Pierce Road, Jordan, NY 13080, USA",13080
SnakeHill Bush,"776 O'Neil Road, West Chazy, NY, USA",12992
Snyder’s Sugar Shack,"9640 Number Three Road, Copenhagen, NY, 13626, USA",13626
Soukup Farms,"271 Halls Corners Road, Dover Plains, NY 12522, USA",12522
South Shore Maples,"PO Box 442, Harrisville, NY, 13648, USA",13648
Southburg Maple,"4526 New York 98, North Java, NY, USA",14113
Southville Maples,"56 West Stockholm Southville Road, Potsdam, NY, USA",13676
Speckled Hen Maple Works,"174 Warner Road, Dolgeville, NY 13329, USA",13329
Split Ridge Maple,"138 Porter Road, Malone, NY, 12953, USA",12953
Sprague’s Maple Farms,"1048 Portville-Obi Road, Portville, NY 14770, USA",14770
Steiner’s Running Wild/Burrdille Cider Mill,"18232 County Route 156, Watertown, NY, 13601, USA",13601
Sterling Sugar Shanty,"862 Sterling Station Road, Red Creek, NY, USA",13143
Sterling Valley Maple,"9610 Croghan Reservoir Road, Croghan, NY 13327, USA",13327
Steve Fallon Maple,"835 County Route 58, Colton, NY, USA",13625
Stewards Dairy,"4369 Waterboro Hill Road, Kennedy, NY 14747, USA",14747
"Sticky Paws – Maple Lane Foods, LLC","12504 Dredge Rd, South Dayton, NY, USA",14138
"StMaple, LLC","962 Limekiln Road, Malone, NY, 12953, USA",12953
Stone House Farm,"305 Lynk Road, Sharon Springs, NY, USA",13459
Stoney Ridge Farms,"625 County Road 28, Palmyra, NY 14522, USA",14522
Stony Acres Maple Farm,"2625 3 Rod Road, East Aurora, NY 14052, USA",14052
Sudzy’s Purely Maple,"1076 Maxon Road, Attica, NY, USA",14011
Sugar Brook Maple Farm,"351 Samsonville Road, Kerhonkson, NY, USA",12446
Sugar Creek Farms,"911 Charlton Road, Schenectady, NY 12302, USA",12302
Sugar Creek Maple Farm,"2490 Glenwood Road, Vestal, NY 13850, USA",13850
Sugar Daddies Maple,"7049 State Rte 289, Mannsville, NY, USA",13661
Sugar Greens Farm,"9565 Colby Road, Corfu, NY, USA",14036
Sugar Hollow Maple,"6866 Number Four Road, Lowville, NY, USA",13367
Sugar Mill Farm LLC,"2469 State Route 29, Greenwich, NY, USA",12834
Sugar Oak Farms,"50 Atkins Rd, Ballston Spa, NY 12020, USA",12020
Sugar Shack Maple,"P.O. Box 35, Morris, NY, 13808, USA",13808
Sugarbale Farm,"5351 Cheningo Solon Pond Rd, Cincinnatus, NY, USA",13040
Sugarbush Farm Market,"1598 State Highway 68, Canton, NY, 13617, USA",13617
Sunnyhill Farm,"6631 New York 98, Arcade, NY 14009, USA",14009
Sunset Farms Maple Syrup,"2331 Lapham Road, East Aurora, NY, 14052 USA",14052
SUNY ESF – Heiberg Memorial Forest,"7393 Maple Ridge Road, Tully, NY, USA",13159
Sweet Dream Maple Farm,"1116 Reynolds Road, Corfu, NY 14036, USA",14036
Sweet Time Maple,"5680 Webster Road, Wyoming, NY 14591, USA",14591
Sweeter Creations Sugar House LLC,"3345 State Highway 345, Waddington, NY, 13694, USA",13694
Sweetrees Maple Products,"761 Glen Road, Berkshire, NY 13736, USA",13736
Swiss Mountain Maple,"3597 Jones Road, Erieville, NY, USA",13061
Syke’s Maple Products,"604 County Rte 23, Harrisville, NY 13648, USA",13648
Tall Tines Maple,"84 Scriver Rd, Mooers Forks, NY, USA",12959
TenKate Hill Maple,"2323 Kohne Road, Dryden, NY, USA",13053
The DAM Farm,"2095 Harris Road, Palmyra, NY, USA",14522
The Great Sacandaga Farm,"21 Hilltop Drive, Edinburg, NY 12134, USA",12134
The Houghtaling Homestead,"10 Kautz Road, Callicoon, NY, USA",12723
The Naples Maple Farm at The Wohlschlegel Estate,"8064 Coates Rd, Naples, NY 14512, USA",14512
The Panaz Homestead LLC,"5061 Edgerton Rd, Elba, NY, USA",14058
The Wild Center,"45 Museum Drive, Tupper Lake, NY, USA",12986
Tholhill Farm,"493 Catatonk Hill Rd, Candor, NY 13743, USA",13743
Thompson’s Sugar Shack LLC,"245 North Harpersfield Road, Jefferson, NY, USA",12093
Tibbitts Maple,"8874 Tibbitts Road, New Hartford, NY 13413, USA",13213
Tim’s Sugar Shack,"9124 U.S. 11, Adams, NY, USA",13605
Timber Trails Forest Farm,"5585 County Road 33, Canandaigua, NY, USA",14424
Toad Hill Maple Farm,"137 Charles Olds Road, Athol, NY 12810, USA",12810
Tree Juice Maple Syrup LLC,"59 Rider Hollow Road, Arkville, NY 12406, USA",12406
Trombley’s Sugarhouse,"7180 Star Road, Ellenburg Center, NY, 12934, USA",12934
TROUT LAKE MAPLE,"672 Chub Lake Road, Gouverneur, NY, USA",13642
Tupper’s Hilltop Maple Treats,"760 State Highway 68, Canton, NY 13617, USA",13617
Twin Leaf Farms,"200 Hyspot Road, Greenfield Center, NY 12833, USA",12833
Twin Maples Farm,"1655 Co Rte 19, Beaver Dams, NY 14812, USA",14812
Two Saps Syrup,"303 Cripplebush Road, Central Bridge, NY 12035, USA",12035
Ulinger’s Maple Farm LLC,"8835 Crumb Hill Road, East Otto, NY, USA",14729
Valley Road Maple Farm,"190 Valley Road, Thurman, NY, USA",12885
Van Acker Farm,"401 Bloomingrove Drive, Troy, NY, 12180 USA",12180
VVS FFA,"5275 State Route 31, Verona, NY 13478, USA",13478
Wahta Maple Farm,"5218 Patrick Rd, Verona, NY, USA",13478
WeatherHill Farm,"8884 Hahn Road, Fredonia, NY 14063, USA",14603
Weber’s Maple Products,"1241 Davis Road, West Falls, NY 14170, USA",14170
Welch’s Maple Farm,"1420 Saltvale Road, Wyoming, NY, USA",14591
Wendel Family Maple,"12506 Vaughn Street, East Concord, NY, USA",14055
Wendel’s Maple & More,"12521 Vaughn Street, East Concord, NY, 14055, USA",14055
Whistlin’ Dixie Maple,"670 German Hollow Rd, Smyrna, NY 13464, USA",13464
White Oak Farm,"680 Croton Lake Road, Yorktown Heights, NY, 10598, USA",10598
Widrick Maple,"21243 Staplin Road, Black River, NY, 13612, USA",13612
Wilbur Mountain Maple,"441 McDuffy Hollow Road, Van Etten, NY, USA",14889
"Wilcox Maple Products, LLC","3597 County Road 32, Oxford, NY, USA",13830
Wild Hill Maple,"366 Carney Cassidy Road, Salem, NY, USA",12865
Wild Hogs Sugar Shack @ Maplemilk Farm,"1359 Shunpike Road, Cambridge, NY 12816, USA",12816
Willow Creek Farm,"390 Lake Shore Road, Fulton, NY 13069, USA",13069
Wilson’s Sugarhouse,"500 Blackman Corners Rd, Mooers Forks, NY, 12959, USA",12959
Windy Acres Maple Syrup LLC,"2733 State Highway 206, Greene, NY, USA",13778
Winters Harvest Sugar Shack,"409 Wagner Rd, North Bangor, NY, 12966 USA",12966
Wolcott Maple,"1247 Dale Road, Dale, NY, 14039 USA",14039
Wolf Maple Products,"9355 Chestnut Ridge Road, Middleport, NY, 14105, USA",14105
Wood Homestead Maple Syrup,"115 Anderson Rd, Stamford, NY 12167, USA",12167
Woods Maple Products,"1470 County Route 23, Chateaugay, NY, USA",12917
Woody’s Maple,"418 Underwood Rd, Hermon, NY 13652, USA",13652
WOW Maple Syrup,"55 Leonard Road, Monticello, NY, USA",12701
Wright Farms,"9166 Laidlaw Road, Franklinville, NY 14737, USA",14737
Wyndy Hyl Maple,"4679 Dutch Hill Road Spur, Cincinnatus, NY, USA",13040
Yancey’s Sugarbush,"8226 Fish Creek Road, Croghan, NY 13327, USA",13327
Yardley Maple,"524 County Route 64, Mexico, NY 13114, USA",13114